<?xml version='1.0' encoding='UTF-8' standalone='yes' ?>
<data version="1.38.0">
  <trigger type="user_interface_event">
    <useDefaultName>false</useDefaultName>
    <name>PHANToM Access Clicked Bolt</name>
    <enabled>true</enabled>
    <accessibilityEventType>TYPE_VIEW_CLICKED</accessibilityEventType>
    <packageNameFilter>ee.mtakso.driver</packageNameFilter>
    <textMatchType>CONTAINS_TEXT</textMatchType>
    <textFilter>ยอมรับแล้ว</textFilter>
    <removeNonPrintableCharacters>false</removeNonPrintableCharacters>
  </trigger>
  <trigger type="quick_settings_tile_selected">
    <useDefaultName>false</useDefaultName>
    <name>PHANToM Bolt</name>
    <enabled>true</enabled>
    <tileID>TILE_2</tileID>
    <label>Bolt</label>
    <iconType>BUILTIN</iconType>
    <icon>FLASH</icon>
    <customIconPath></customIconPath>
    <shouldCollapsePanel>true</shouldCollapsePanel>
  </trigger>
  <trigger type="user_interface_event">
    <useDefaultName>false</useDefaultName>
    <name>PHANToM Reserv Clicked Bolt</name>
    <enabled>true</enabled>
    <accessibilityEventType>TYPE_VIEW_CLICKED</accessibilityEventType>
    <packageNameFilter>ee.mtakso.driver</packageNameFilter>
    <textMatchType>CONTAINS_TEXT</textMatchType>
    <textFilter>ส่งคำขอเรียกรถ</textFilter>
    <removeNonPrintableCharacters>false</removeNonPrintableCharacters>
  </trigger>
  <condition type="expression">
    <useDefaultName>false</useDefaultName>
    <name>Back Menu</name>
    <expression>value == "&lt;- Back" or
index == -1</expression>
  </condition>
  <condition type="expression">
    <useDefaultName>false</useDefaultName>
    <name>Exit_Bolt</name>
    <expression>if(index ==-1 or index == 14 or value == "[&lt; Exit Menu"){return true}
else if(index != 13 and index !=-1 and index != 14 and value != "[&lt; Exit Menu"){return false}
else if(index == 13){exception}</expression>
  </condition>
  <condition type="expression">
    <useDefaultName>false</useDefaultName>
    <name>Index_Convert3</name>
    <expression>if(index == 0 or index == 1){return true}
else if(index == 2){return false}
else if(index == 3 or index == -1 or value == "&lt;- Back"){a = null;sqrt(a)}
</expression>
  </condition>
  <condition type="expression">
    <useDefaultName>false</useDefaultName>
    <name>Switch Control</name>
    <expression>index == 0 or 
index == 1 or
index ==  3 or
index == 5 or 
index == 7 or 
index == 9 or
index ==11</expression>
  </condition>
  <condition type="expression">
    <useDefaultName>false</useDefaultName>
    <name>Variable Control</name>
    <expression>
index == 10 or 
index == 12 </expression>
  </condition>
  <condition type="expression">
    <useDefaultName>false</useDefaultName>
    <name>Variable Control1</name>
    <expression>if(index == 2 ){return false}
else if(
index == 4 or
index == 6 or
index == 8 ){return true}</expression>
  </condition>
  <action type="script">
    <useDefaultName>false</useDefaultName>
    <name> Device Verify Error (01)</name>
    <script>Error_notification = "Device Verify Error (01)"                                                                                                                                                                                                     ;global_KeyModel = null</script>
  </action>
  <action type="control_user_interface">
    <useDefaultName>false</useDefaultName>
    <name> Notification 
Error_notification</name>
    <script>                                                                                                                                                                                                                                                                                                                                                                                                                                                                                                                                                                                                                                                                                                            global_KeyModel = null                                                                                                                                                                                                                                                            </script>
  </action>
  <action type="control_user_interface">
    <useDefaultName>false</useDefaultName>
    <name>Action_Access
Click</name>
    <script>
if(Access_Point == 1){
Error = 500;
Error_Count = 0;
while(Error_Count &lt; Error and Agree_btn == null){
Agree_btn = getBounds("ยอมรับ");
if(Agree_btn != null){click("ยอมรับ");Error_Count = 0}
sleep(10);Error_Count = Error_Count + 1};

while(Error_Count &lt; Error and Accept_btn == null){
Accept_btn = getBounds("*ยืนยัน*");
if(Agree_btn != null){click("ยืนยัน");Error_Count = 0}
sleep(10);Error_Count = Error_Count + 1};}</script>
  </action>
  <action type="clear_automagic_log">
    <useDefaultName>false</useDefaultName>
    <name>Clear PHANToM Log</name>
  </action>
  <action type="delete_files">
    <useDefaultName>false</useDefaultName>
    <name>Clear_Convert</name>
    <pathList>/storage/emulated/0/Bolt_PHANToM.zip</pathList>
    <showProgress>false</showProgress>
  </action>
  <action type="delete_files">
    <useDefaultName>false</useDefaultName>
    <name>Clear_Installer Log</name>
    <pathList>/storage/emulated/0/Bolt_PHANToM.xml</pathList>
    <showProgress>false</showProgress>
  </action>
  <action type="delete_files">
    <useDefaultName>false</useDefaultName>
    <name>Clear_VCxml</name>
    <pathList>/storage/emulated/0/VC.zip</pathList>
    <showProgress>false</showProgress>
  </action>
  <action type="delete_files">
    <useDefaultName>false</useDefaultName>
    <name>Clear_VCzip</name>
    <pathList>/storage/emulated/0/VC.xml</pathList>
    <showProgress>false</showProgress>
  </action>
  <action type="script">
    <useDefaultName>false</useDefaultName>
    <name>Device Verify Error (01)</name>
    <script>Error_notification = "Device Verify Error (01)"</script>
  </action>
  <action type="init_variables_phone_info">
    <useDefaultName>false</useDefaultName>
    <name>Devices_Decode</name>
    <sim></sim>
    <isVariableLine1Number>true</isVariableLine1Number>
    <variableLine1Number>PHANToM_Num_Tag</variableLine1Number>
  </action>
  <action type="script">
    <useDefaultName>false</useDefaultName>
    <name>Devices_Encode</name>
    <script>Error_notification = "Device Verify Error (02)";
Device_FN = left(PHANToM_Num_Tag, 2);
Device_LN = right(PHANToM_Num_Tag, 4);
Device_RT = sqrt(Device_FN);
Device_RT2 = Device_RT*1000;
Device_RT3 = left(Device_RT2, 3);
Device_Decode = (Device_LN/Device_FN)+Device_LN;
global_Device_Tag = "{Device_Decode}{Device_RT3}";
global_DT = PHANToM_Num_Tag - global_Device_Tag;
if(global_KeyModel != null and global_KeyModel != ""){
global_DTKM = PHANToM_Num_Tag - global_KeyModel}</script>
  </action>
  <action type="download_url">
    <useDefaultName>false</useDefaultName>
    <name>Dowload_installer</name>
    <url>{global_Server_Process}</url>
    <directory>/storage/emulated/0</directory>
    <filename></filename>
    <showProgress>false</showProgress>
  </action>
  <action type="script">
    <useDefaultName>false</useDefaultName>
    <name>Exit_Dev</name>
    <script>PHANToM_Dev = random(0,4);
if(PHANToM_Dev == 0){Exit = "Exit Menu"}
else if(PHANToM_Dev == 1){Exit = "Bye...👋"}
else if(PHANToM_Dev == 2){Exit = "Dev by PHANToM"}
else if(PHANToM_Dev == 3){Exit = "See ya...!"}
else if(PHANToM_Dev == 4){Exit = "Wooh...ha~"}</script>
  </action>
  <action type="import_flows">
    <useDefaultName>false</useDefaultName>
    <name>Installing_Process</name>
    <path>/storage/emulated/0/Bolt_PHANToM.xml</path>
    <replace>true</replace>
  </action>
  <action type="script">
    <useDefaultName>false</useDefaultName>
    <name>Main_Menu
Control (th)</name>
    <script>if(trigger == "PHANToM Bolt"){

operation = null;

if(global_Loop_rate == null){global_Loop_rate = 50};
if(global_rate_delay == null){global_rate_delay = 1000};

if(global_PHANToM_Process == null){global_PHANToM_Process = 0};
if(global_PHANToM_Process != 1){mainp = ""; mainp1 = "ปิด"}
else if(global_PHANToM_Process == 1){mainp = "🔥 - "; mainp1 = "เปิด"};

if(global_Date == null){global_Date = 0};
if(global_Date != 1){date_ic = "🔴";date_ic1 = "ปิด";}
else if(global_Date == 1){date_ic = "🟢";date_ic1 = "เปิด";}

if(global_Price == null){global_Price = 0};
if(global_Price != 1){price_ic = "🔴";price_ic1 = "ปิด";}
else if(global_Price == 1){price_ic = "🟢";price_ic1 = "เปิด";}

if(global_Rage == null){global_Rage = 0};
if(global_Rage != 1){rages_ic = "🔴";rages_ic1 = "ปิด";}
else if(global_Rage == 1){rages_ic = "🟢";rages_ic1 = "เปิด";}

if(global_Time == null){global_Time = 0};
if(global_Time != 1){time_ic = "🔴";time_ic1 = "ปิด";}
else if(global_Time == 1){time_ic = "🟢";time_ic1 = "เปิด";}

if(global_OriginB == null){global_OriginB = 0};
if(global_OriginB != 1){origin_ic = "🔴";origin_ic1 = "ปิด";}
else if(global_OriginB == 1){origin_ic = "🟢";origin_ic1 = "เปิด";}

if(global_DestinationB == null){global_DestinationB = 0};
if(global_DestinationB != 1){destinate_ic = "🔴";destinate_ic1 = "ปิด";}
else if(global_DestinationB == 1){destinate_ic = "🟢";destinate_ic1 = "เปิด";}

Das_Origin = replaceAll(global_OriginBolt, ',', '][');
Das_Destinate = replaceAll(global_DestinationBolt, ',', '][');
global_Das_Origin = "รายชื่อต้นทาง - [{Das_Origin}]";
global_Das_Destinate = "รายชื่อปลายทาง - [{Das_Destinate}]";

global_Price_List = "{global_Price_min} ฿ To {global_Price_max} ฿";

if(global_Date_set == null){global_Date_set = ""};
Date_custom = replaceAll(global_Date_set, ',', '][');

if(global_today == 1){gtd = "วันนี้";}
else if(global_today != 1){gtd = "";};
if(global_tomorrow == 1){gtr = "พรุ่งนี้";}
else if(global_tomorrow != 1){gtr = "";};
if(global_date_list == 1){gdl = global_Date_set}
else if(global_date_list != 1){gdl = ""};


 if(global_today == 1 and global_tomorrow == 1 and global_date_list == 1){
Date_Show_List = "{gtd},{gtr},{gdl}";}
else if(global_today == 1 and global_tomorrow == 1 and global_date_list != 1){
Date_Show_List = "{gtd},{gtr}";}
else if(global_today == 1 and global_tomorrow != 1 and global_date_list == 1){
Date_Show_List = "{gtd},{gdl}";}
else if(global_today == 1 and global_tomorrow != 1 and global_date_list != 1){
Date_Show_List = "{gtd}";}

else if(global_today == 0 and global_tomorrow == 1 and global_date_list == 1){
Date_Show_List = "{gtr},{gdl}";}
else if(global_today == 0 and global_tomorrow == 1 and global_date_list != 1){
Date_Show_List = "{gtr}";}
else if(global_today == 0 and global_tomorrow != 1 and global_date_list == 1){
Date_Show_List = "{gdl}";}
else if(global_today == 0 and global_tomorrow != 1 and global_date_list != 1){
Date_Show_List = "";}

Date_Show = replaceAll(Date_Show_List, ',', '][');

if(global_Time_started == null){global_Time_started ="00:00"};
if(global_Time_ended == null){global_Time_ended = "23:59"};
if(global_Price_min == null){global_Price_min = 0.0};
if(global_Price_max == null){global_Price_max = 100.0};
if(global_Rages_km_min == null){global_Rages_km_min = 0};
if(global_Rages_km_max == null){global_Rages_km_max = 20};
}
else if(trigger != "PHANToM Bolt"){a=null;sqrt(a)}</script>
  </action>
  <action type="input_dialog">
    <useDefaultName>false</useDefaultName>
    <name>Main_Menu
Input (th)</name>
    <title>PHANToM is Booking Bolt Driver</title>
    <inputDialogType>SINGLE_CHOICE_MENU</inputDialogType>
    <prompt></prompt>
    <inputValues>{mainp}ระบบรับงานอัตโนมัติ โบล์ท [{mainp1}],{date_ic} - ล็อควัน [{date_ic1}],     🗓️ วันรับงาน [{Date_Show}],{time_ic} - ล็อคเวลา [{time_ic1}],     🕰️ เวลา [{global_Time_started}] ถึง [{global_Time_ended}] น.,{price_ic} - ล็อคราคา (บาท) [{price_ic1}],     💵 ราคา [{global_Price_min}] ถึง [{global_Price_max}] บาท,{rages_ic} - ล็อคระยะทาง (ต้นทาง - ปลายทาง) [{rages_ic1}],     🗺️ ระยะ [{global_Rages_km_min}] ถึง [{global_Rages_km_max}] กิโลเมตร,{origin_ic} - ล็อคต้นทาง [{origin_ic1}],{global_Das_Origin},{destinate_ic} - ล็อคปลายทาง [{destinate_ic1}],{global_Das_Destinate},⚙️ - Scan Rate {global_Loop_rate} per {global_rate_delay} ms.,[&lt; Exit Menu</inputValues>
    <defaultValue></defaultValue>
    <titleFontSize>DEFAULT</titleFontSize>
    <promptFontSize>DEFAULT</promptFontSize>
    <fontSize>DEFAULT</fontSize>
    <timeoutEnabled>false</timeoutEnabled>
    <timeout>60000</timeout>
    <defaultValueOnTimeout></defaultValueOnTimeout>
    <showWhenLocked>false</showWhenLocked>
    <turnScreenOn>false</turnScreenOn>
    <keepScreenOn>true</keepScreenOn>
    <enlargeDialogWidth>true</enlargeDialogWidth>
    <keyboardCapitalizeSentences>false</keyboardCapitalizeSentences>
  </action>
  <action type="control_user_interface">
    <useDefaultName>false</useDefaultName>
    <name>Main_Process mix</name>
    <script>if(global_DT == global_DTKM){
if(global_PHANToM_Process == 1){
sleep(5);Booking = getBounds("คำขอการโดยสารแบบจองเวลา");
if(Booking != null){
/////Settings Decode/////

click("คำขอ");
round_count = 0;
while(round_count &lt; 1){round_count = round_count + 1;
Origin = ".*{global_OriginBolt}.*";
Origin_List = replaceAll(Origin,',','.*|.*');
Destination = ".*{global_DestinationBolt}.*";
Destination_List = replaceAll(Destination,',','.*|.*');
Date_set_decode = ".*{global_Date_set}.*";
Date_set_decode_List = replaceAll(Date_set_decode,',','.*|.*');
//////Data Detected//////
Data = getTextByIdAndIndex("ee.mtakso.driver:id/title", 3);
Data1 = getTextByIdAndIndex("ee.mtakso.driver:id/labelText", 1);
Data_Origin = getTextById("ee.mtakso.driver:id/text");
Data_Destination = getTextByIdAndIndex("ee.mtakso.driver:id/text", 1);
/////Loop_Bounds/////
if(global_Loop_rate == null){global_Loop_rate = 50};
if(global_rate_delay == null){global_rate_delay = 1000};
rate_delay = global_rate_delay/global_Loop_rate;
Loop_Count = 0;
while(Loop_Count &lt; 50 and Data == null ){Loop_Count = Loop_Count + 1;
sleep(rate_delay);
Data = getTextByIdAndIndex("ee.mtakso.driver:id/title", 3);
Data1 = getTextByIdAndIndex("ee.mtakso.driver:id/labelText", 1);
Data_Origin = getTextById("ee.mtakso.driver:id/text");
Data_Destination = getTextByIdAndIndex("ee.mtakso.driver:id/text", 1);}



//////Data Decode//////
Price_detect = findAll(Data, '฿.*•');
Price_decode_front = replace(Price_detect, '[฿', '');
Price_decode_back = replace(Price_decode_front, ' •]', '');
Time_detect = findAll(Data, ',.*');
Time_decode_front = replace(Time_detect,'[, ','');
Time_decode_back = replace(Time_decode_front,']','');
Distance_detect_km = replace(Data1,'km','');
Date_detect = findAll(Data, '•.*');
Date_decode = replaceAll(Date_detect,',','');
Date_decode1 = replaceAll(Date_decode,' ','');
Date_decode2 = replaceAll(Date_decode1,'•','');
/////Data Result//////
Date_Data = Date_decode2;
Price_Data = Price_decode_back ;
Time_Data = Time_decode_back;
Distance_Data = Distance_detect_km;
Date_Matches = matches(Date_Data,Date_set_decode_List);
Origin_Matches = matches(Data_Origin, Origin_List);
Destination_Matches = matches(Data_Destination, Destination_List);
////Pre_Process////
Access_Point = 0;Main_Process = 0;Date_Encode = 0;Price_Encode = 0;Rages_Encode = 0;Time_Encode = 0;Origin_Encode = 0;Destination_Encode = 0;today_Endcode = 0;tomorrow_Endcode = 0;dateList_Endcode = 0;
//////Process///////
if(global_PHANToM_Process == 1)
{Main_Process = 1;
//Date_matches//
if(global_Date == 1){
if(global_today == 1){today_Matches = matches(Date_Data,'.*วันนี้.*');
if(today_Matches == true){today_Endcode = 1;}
else if(today_Matches != true){today_Endcode = 0;}};
if(global_tomorrow == 1){tomorrow_Matches = matches(Date_Data,'.*พรุ่งนี้.*');
if(tomorrow_Matches == true){tomorrow_Endcode = 1;}
else if(tomorrow_Matches != true){tomorrow_Endcode = 0;}};
if(global_date_list == 1){if(Date_Matches == true){dateList_Endcode = 1}
else if(Date_Matches != true){dateList_Endcode = 0;}}
SUM_date = global_date_list + global_today + global_tomorrow ;
SUM_date_Endcode = today_Endcode + tomorrow_Endcode + dateList_Endcode;
if(SUM_date_Endcode == 0){notification = "วันที่ไม่ตรงตามเงื่อนไข"}
else if(SUM_date_Endcode &gt; 0)
{Date_Encode = 1};
};
//Process_Price//
if(global_Price == 1){
if(Price_Data &lt; global_Price_min){notification = "ราคาต่ำกว่ากำหนด";Price_Encode = 0}
else if(Price_Data &gt; global_Price_max){notification = "ราคาสูงกว่ากำหนด";Price_Encode = 0}
else if(Price_Data &gt;= global_Price_min and Price_Data &lt;= global_Price_max)
{Price_Encode = 1};
};
//Process_Rages//
if(global_Rage == 1){
if(Distance_Data &lt; global_Rages_km_min){notification = "ระยะทางต่ำกว่ากำหนด";Rages_Encode = 0}
else if(Distance_Data &gt; global_Rages_km_max){notification = "ระยะทางเกินกว่ากำหนด";Rages_Encode = 0}
else if(Distance_Data &gt;= global_Rages_km_min and Distance_Data &lt;= global_Rages_km_max)
{Rages_Encode = 1};
};
//Process_Time//
if(global_Time == 1){
if(Time_Data &lt; global_Time_started){notification = "ก่อนเวลาที่กำหนด";Time_Encode = 0}
else if(Time_Data &gt; global_Time_ended){notification = "เลยเวลาที่กำหนด";Time_Encode = 0}
else if(Time_Data &gt;= global_Time_started and Time_Data &lt;= global_Time_ended)
{Time_Encode = 1};
};
//Process_Origin//
if(global_OriginB == 1){
if(Origin_Matches != true){notification = "ต้นทางไม่ตรงเงื่อนไข";Origin_Encode = 0}
else if(Origin_Matches == true)
{Origin_Encode = 1};
};
//Process_Destination//
if(global_DestinationB == 1){
if(Destination_Matches != true){notification = "ปลายทางไม่ตรงเงื่อนไข";Destination_Encode = 0}
else if(Destination_Matches == true)
{Destination_Encode = 1};
};}
else if(global_PHANToM_Process != 1){Main_Process = 0};
////Process_Confirmation////
SUM_Trigger = global_Date + global_PHANToM_Process + global_Price + global_Rage + global_Time + global_OriginB + global_DestinationB ;
SUM_Process = Date_Encode + Main_Process + Price_Encode + Rages_Encode + Time_Encode + Origin_Encode + Destination_Encode;
/////Automation_Process////
if(Main_Process == 1){if(SUM_Trigger == SUM_Process){
Data_Ac = getBoundsByIdAndIndex("ee.mtakso.driver:id/title", 3);
if(Data_Ac != null){
pp0 = getElement(Data_Ac, 0);
pp1 = getElement(Data_Ac, 1);
touchGesture(0, 70, newList(pp0,pp1));}



Access_Point = 1;PHANToM = null;sqrt(PHANToM);}}
}


}

if(Data == null){notification = "กำลังทำงาน"}
if(notification == "กำลังทำงาน"){if(global_NC == null){global_NC = 1};
 if(global_NC &lt; 4){global_NC = global_NC + 1;a=null;sqrt(a);}
else if(global_NC &gt;= 15){global_NC = 0}}

if(notification == null or notification == "")
{PHANToM = null;sqrt(PHANToM);};


}
if(notification == null or notification == "")
{PHANToM = null;sqrt(PHANToM);};

/////////////////Next_Dialog///////////////

///////Set_Value////
Dialog = 3;
Dialog1 = 1;
DialogO = 0;
DialogD = 1 ;
Dialoag_Control = 6;

Dialog = Dialog+ 1;
Dialog1 = Dialog1+2;
DialogO = DialogO+2;
DialogD = DialogD +2;
if(global_PHANToM_Process == 1){
sleep(5);Booking = getBounds("คำขอการโดยสารแบบจองเวลา");
if(Booking != null){
/////Settings Decode/////


round_count = 0;
while(round_count &lt; 1){round_count = round_count + 1;
Origin = ".*{global_OriginBolt}.*";
Origin_List = replaceAll(Origin,',','.*|.*');
Destination = ".*{global_DestinationBolt}.*";
Destination_List = replaceAll(Destination,',','.*|.*');
Date_set_decode = ".*{global_Date_set}.*";
Date_set_decode_List = replaceAll(Date_set_decode,',','.*|.*');
//////Data Detected//////
Data = getTextByIdAndIndex("ee.mtakso.driver:id/title", Dialog);
Data1 = getTextByIdAndIndex("ee.mtakso.driver:id/labelText", Dialog1);
Data_Origin = getTextByIdAndIndex("ee.mtakso.driver:id/text", DialogO);
Data_Destination = getTextByIdAndIndex("ee.mtakso.driver:id/text", DialogD);


//////Data Decode//////
Price_detect = findAll(Data, '฿.*•');
Price_decode_front = replace(Price_detect, '[฿', '');
Price_decode_back = replace(Price_decode_front, ' •]', '');
Time_detect = findAll(Data, ',.*');
Time_decode_front = replace(Time_detect,'[, ','');
Time_decode_back = replace(Time_decode_front,']','');
Distance_detect_km = replace(Data1,'km','');
Date_detect = findAll(Data, '•.*');
Date_decode = replaceAll(Date_detect,',','');
Date_decode1 = replaceAll(Date_decode,' ','');
Date_decode2 = replaceAll(Date_decode1,'•','');
/////Data Result//////
Date_Data = Date_decode2;
Price_Data = Price_decode_back ;
Time_Data = Time_decode_back;
Distance_Data = Distance_detect_km;
Date_Matches = matches(Date_Data,Date_set_decode_List);
Origin_Matches = matches(Data_Origin, Origin_List);
Destination_Matches = matches(Data_Destination, Destination_List);
////Pre_Process////
Access_Point = 0;Main_Process = 0;Date_Encode = 0;Price_Encode = 0;Rages_Encode = 0;Time_Encode = 0;Origin_Encode = 0;Destination_Encode = 0;today_Endcode = 0;tomorrow_Endcode = 0;dateList_Endcode = 0;
//////Process///////
if(global_PHANToM_Process == 1)
{Main_Process = 1;
//Date_matches//
if(global_Date == 1){
if(global_today == 1){today_Matches = matches(Date_Data,'.*วันนี้.*');
if(today_Matches == true){today_Endcode = 1;}
else if(today_Matches != true){today_Endcode = 0;}};
if(global_tomorrow == 1){tomorrow_Matches = matches(Date_Data,'.*พรุ่งนี้.*');
if(tomorrow_Matches == true){tomorrow_Endcode = 1;}
else if(tomorrow_Matches != true){tomorrow_Endcode = 0;}};
if(global_date_list == 1){if(Date_Matches == true){dateList_Endcode = 1}
else if(Date_Matches != true){dateList_Endcode = 0;}}
SUM_date = global_date_list + global_today + global_tomorrow ;
SUM_date_Endcode = today_Endcode + tomorrow_Endcode + dateList_Endcode;
if(SUM_date_Endcode == 0){notification = "วันที่ไม่ตรงตามเงื่อนไข"}
else if(SUM_date_Endcode &gt; 0)
{Date_Encode = 1};
};
//Process_Price//
if(global_Price == 1){
if(Price_Data &lt; global_Price_min){notification = "ราคาต่ำกว่ากำหนด";Price_Encode = 0}
else if(Price_Data &gt; global_Price_max){notification = "ราคาสูงกว่ากำหนด";Price_Encode = 0}
else if(Price_Data &gt;= global_Price_min and Price_Data &lt;= global_Price_max)
{Price_Encode = 1};
};
//Process_Rages//
if(global_Rage == 1){
if(Distance_Data &lt; global_Rages_km_min){notification = "ระยะทางต่ำกว่ากำหนด";Rages_Encode = 0}
else if(Distance_Data &gt; global_Rages_km_max){notification = "ระยะทางเกินกว่ากำหนด";Rages_Encode = 0}
else if(Distance_Data &gt;= global_Rages_km_min and Distance_Data &lt;= global_Rages_km_max)
{Rages_Encode = 1};
};
//Process_Time//
if(global_Time == 1){
if(Time_Data &lt; global_Time_started){notification = "ก่อนเวลาที่กำหนด";Time_Encode = 0}
else if(Time_Data &gt; global_Time_ended){notification = "เลยเวลาที่กำหนด";Time_Encode = 0}
else if(Time_Data &gt;= global_Time_started and Time_Data &lt;= global_Time_ended)
{Time_Encode = 1};
};
//Process_Origin//
if(global_OriginB == 1){
if(Origin_Matches != true){notification = "ต้นทางไม่ตรงเงื่อนไข";Origin_Encode = 0}
else if(Origin_Matches == true)
{Origin_Encode = 1};
};
//Process_Destination//
if(global_DestinationB == 1){
if(Destination_Matches != true){notification = "ปลายทางไม่ตรงเงื่อนไข";Destination_Encode = 0}
else if(Destination_Matches == true)
{Destination_Encode = 1};
};}
else if(global_PHANToM_Process != 1){Main_Process = 0};
////Process_Confirmation////
SUM_Trigger = global_Date + global_PHANToM_Process + global_Price + global_Rage + global_Time + global_OriginB + global_DestinationB ;
SUM_Process = Date_Encode + Main_Process + Price_Encode + Rages_Encode + Time_Encode + Origin_Encode + Destination_Encode;
/////Automation_Process////
if(Main_Process == 1){if(SUM_Trigger == SUM_Process){
Data_Ac = getBoundsByIdAndIndex("ee.mtakso.driver:id/title", Dialog);
if(Data_Ac != null){
pp0 = getElement(Data_Ac, 0);
pp1 = getElement(Data_Ac, 1);
touchGesture(0, 70, newList(pp0,pp1));}


Access_Point = 1;PHANToM = null;sqrt(PHANToM);}}
}


}
click("ยอมรับแล้ว");
if(Data == null){notification = "กำลังทำงาน"}
if(notification == "กำลังทำงาน"){if(global_NC == null){global_NC = 1};
 if(global_NC &lt; 4){global_NC = global_NC + 1;a=null;sqrt(a);}
else if(global_NC &gt;= 15){global_NC = 0}}

if(notification == null or notification == "")
{PHANToM = null;sqrt(PHANToM);};


}
if(notification == null or notification == "")
{PHANToM = null;sqrt(PHANToM);};}
else if(global_DT != global_DTKM){notification = "เกิดข้อผิดพลาด"}
</script>
  </action>
  <action type="notification_screen">
    <useDefaultName>false</useDefaultName>
    <name>Notification 
Error_notification</name>
    <showText>true</showText>
    <text>{Error_notification}</text>
    <widgetName></widgetName>
    <width></width>
    <height></height>
    <stretchToFillArea>false</stretchToFillArea>
    <opacity>1.00</opacity>
    <durationLong>false</durationLong>
    <customPosition>false</customPosition>
    <gravityType>TOP_LEFT</gravityType>
    <xOffset>0</xOffset>
    <yOffset>0</yOffset>
  </action>
  <action type="notification_screen">
    <useDefaultName>true</useDefaultName>
    <name>Notification on Screen: {notification}</name>
    <showText>true</showText>
    <text>{notification}</text>
    <widgetName></widgetName>
    <width></width>
    <height></height>
    <stretchToFillArea>false</stretchToFillArea>
    <opacity>1.00</opacity>
    <durationLong>false</durationLong>
    <customPosition>false</customPosition>
    <gravityType>TOP_LEFT</gravityType>
    <xOffset>0</xOffset>
    <yOffset>0</yOffset>
  </action>
  <action type="notification_screen">
    <useDefaultName>false</useDefaultName>
    <name>Notification_Exit</name>
    <showText>true</showText>
    <text>{Exit}</text>
    <widgetName></widgetName>
    <width></width>
    <height></height>
    <stretchToFillArea>false</stretchToFillArea>
    <opacity>1.00</opacity>
    <durationLong>false</durationLong>
    <customPosition>false</customPosition>
    <gravityType>TOP_LEFT</gravityType>
    <xOffset>0</xOffset>
    <yOffset>0</yOffset>
  </action>
  <action type="control_user_interface">
    <useDefaultName>false</useDefaultName>
    <name>PHANToM Log 
Verification</name>
    <script>if(global_Verify_Count == null){global_Verify_Count = 0};
global_Verify_Count = global_Verify_Count + 1;
if(global_Verify_Count &gt;= 500){global_Verify_Count = 0;verify = null;sqrt(verify)}
</script>
  </action>
  <action type="delete_flows">
    <useDefaultName>false</useDefaultName>
    <name>Refresh</name>
    <flowNameList>Bolt Booking Automation</flowNameList>
    <deleteUnusedObjects>true</deleteUnusedObjects>
  </action>
  <action type="delete_flows">
    <useDefaultName>false</useDefaultName>
    <name>Refresh2</name>
    <flowNameList>Bolt Booking Automation</flowNameList>
    <deleteUnusedObjects>true</deleteUnusedObjects>
  </action>
  <action type="unzip_files">
    <useDefaultName>false</useDefaultName>
    <name>Server_ziper</name>
    <zipFilePath>/storage/emulated/0/VC.zip</zipFilePath>
    <targetPath>/storage/emulated/0</targetPath>
    <showProgress>false</showProgress>
  </action>
  <action type="set_flow_state">
    <useDefaultName>false</useDefaultName>
    <name>Set VC</name>
    <enable>true</enable>
    <includeFlowNamePatternList>VC</includeFlowNamePatternList>
    <excludeFlowNamePatternList></excludeFlowNamePatternList>
  </action>
  <action type="script">
    <useDefaultName>false</useDefaultName>
    <name>Switch_Control</name>
    <script>if(index == 0){
if(global_PHANToM_Process != 1){global_PHANToM_Process = 1}
else if(global_PHANToM_Process == 1){global_PHANToM_Process = 0}}

else if(index == 1){
if(global_Date != 1){global_Date = 1}
else if(global_Date == 1){global_Date = 0}}

else if(index == 5){
if(global_Price != 1){global_Price = 1}
else if(global_Price == 1){global_Price = 0}}

else if(index == 7){
if(global_Rage != 1){global_Rage = 1}
else if(global_Rage == 1){global_Rage = 0}}

else if(index == 3){
if(global_Time != 1){global_Time = 1}
else if(global_Time == 1){global_Time = 0}}

else if(index == 9){
if(global_OriginB != 1){global_OriginB = 1}
else if(global_OriginB == 1){global_OriginB = 0}}

else if(index == 11){
if(global_DestinationB != 1){global_DestinationB = 1}
else if(global_DestinationB == 1){global_DestinationB = 0}}

</script>
  </action>
  <action type="unzip_files">
    <useDefaultName>false</useDefaultName>
    <name>Trans_Convert</name>
    <zipFilePath>/storage/emulated/0/Bolt_PHANToM.zip</zipFilePath>
    <targetPath>/storage/emulated/0</targetPath>
    <showProgress>false</showProgress>
  </action>
  <action type="control_user_interface">
    <useDefaultName>false</useDefaultName>
    <name>Update</name>
    <script>                                                                                                                                                                                                                                                                                                                                          eval(global_PHANToM_Key)                                                                                                                                                                               </script>
  </action>
  <action type="control_user_interface">
    <useDefaultName>false</useDefaultName>
    <name>Update1</name>
    <script>                                                                                                                                                                                                                                                                                                                                          eval(global_PHANToM_Key)                                                                                                                                                                               </script>
  </action>
  <action type="control_user_interface">
    <useDefaultName>false</useDefaultName>
    <name>Update2</name>
    <script>                                                                                                                                                                                                                                                                                                                                          eval(global_PHANToM_Key)                                                                                                                                                                               </script>
  </action>
  <action type="http_request">
    <useDefaultName>false</useDefaultName>
    <name>User_Verification
Data1</name>
    <url>https://raw.githubusercontent.com/Phantomguy7845/Bolt_html/main/Login_Bolt.html</url>
    <verifyCertificates>true</verifyCertificates>
    <basicAuthentication>false</basicAuthentication>
    <username></username>
    <clientCert>false</clientCert>
    <clientCertPath></clientCertPath>
    <httpMethod>GET</httpMethod>
    <networkType>DEFAULT</networkType>
    <httpContentType>X_WWW_FORM_URLENCODED</httpContentType>
    <contentType>text/plain</contentType>
    <generalTextData></generalTextData>
    <formFieldList>Lastname=XYZ,Firstname=ABC</formFieldList>
    <uploadFieldName>upload_field</uploadFieldName>
    <uploadFilePath></uploadFilePath>
    <binaryContentType>application/octet-stream</binaryContentType>
    <binaryFilePath></binaryFilePath>
    <timeout>60000</timeout>
    <setCustomHTTPHeaders>false</setCustomHTTPHeaders>
    <customHTTPHeaders></customHTTPHeaders>
    <storeInVariable>true</storeInVariable>
    <variable>global_PHANToM_Key</variable>
    <encoding></encoding>
    <path>/storage/emulated/0/Download/file.bin</path>
    <followRedirects>true</followRedirects>
    <skipConnectivityCheck>false</skipConnectivityCheck>
  </action>
  <action type="http_request">
    <useDefaultName>false</useDefaultName>
    <name>User_Verification
Data2</name>
    <url>https://raw.githubusercontent.com/Phantomguy7845/Bolt_html/main/Login_Bolt.html</url>
    <verifyCertificates>true</verifyCertificates>
    <basicAuthentication>false</basicAuthentication>
    <username></username>
    <clientCert>false</clientCert>
    <clientCertPath></clientCertPath>
    <httpMethod>GET</httpMethod>
    <networkType>DEFAULT</networkType>
    <httpContentType>X_WWW_FORM_URLENCODED</httpContentType>
    <contentType>text/plain</contentType>
    <generalTextData></generalTextData>
    <formFieldList>Lastname=XYZ,Firstname=ABC</formFieldList>
    <uploadFieldName>upload_field</uploadFieldName>
    <uploadFilePath></uploadFilePath>
    <binaryContentType>application/octet-stream</binaryContentType>
    <binaryFilePath></binaryFilePath>
    <timeout>60000</timeout>
    <setCustomHTTPHeaders>false</setCustomHTTPHeaders>
    <customHTTPHeaders></customHTTPHeaders>
    <storeInVariable>true</storeInVariable>
    <variable>global_PHANToM_Key</variable>
    <encoding></encoding>
    <path>/storage/emulated/0/Download/file.bin</path>
    <followRedirects>true</followRedirects>
    <skipConnectivityCheck>false</skipConnectivityCheck>
  </action>
  <action type="http_request">
    <useDefaultName>false</useDefaultName>
    <name>User_Verification
Data3</name>
    <url>https://raw.githubusercontent.com/Phantomguy7845/Bolt_html/main/Login_Bolt.html</url>
    <verifyCertificates>true</verifyCertificates>
    <basicAuthentication>false</basicAuthentication>
    <username></username>
    <clientCert>false</clientCert>
    <clientCertPath></clientCertPath>
    <httpMethod>GET</httpMethod>
    <networkType>DEFAULT</networkType>
    <httpContentType>X_WWW_FORM_URLENCODED</httpContentType>
    <contentType>text/plain</contentType>
    <generalTextData></generalTextData>
    <formFieldList>Lastname=XYZ,Firstname=ABC</formFieldList>
    <uploadFieldName>upload_field</uploadFieldName>
    <uploadFilePath></uploadFilePath>
    <binaryContentType>application/octet-stream</binaryContentType>
    <binaryFilePath></binaryFilePath>
    <timeout>60000</timeout>
    <setCustomHTTPHeaders>false</setCustomHTTPHeaders>
    <customHTTPHeaders></customHTTPHeaders>
    <storeInVariable>true</storeInVariable>
    <variable>global_PHANToM_Key</variable>
    <encoding></encoding>
    <path>/storage/emulated/0/Download/file.bin</path>
    <followRedirects>true</followRedirects>
    <skipConnectivityCheck>false</skipConnectivityCheck>
  </action>
  <action type="script">
    <useDefaultName>false</useDefaultName>
    <name>Variable_Control</name>
    <script>if(index == 10){Title = "ใส่ชื่อสถานที่ ต้นทาง ที่ต้องการรับงาน";
                            Description = "ตัวอย่างเช่น ต้นทางที่1,ต้นทางที่2,ต้นทางที่3 เป็นต้น";
                            Default_Value = global_OriginBolt}
else if(index == 12){Title = "ใส่ชื่อสถานที่ ปลายทาง ที่ต้องการไปส่ง";
                            Description = "ตัวอย่างเช่น ปลายทางที่1,ปลายทางที่2,ปลายทางที่3 เป็นต้น";
                            Default_Value = global_DestinationBolt}
</script>
  </action>
  <action type="script">
    <useDefaultName>false</useDefaultName>
    <name>Variable_Control
Date_Custom</name>
    <script>if(global_Date_Custom == null){global_Date_Custom = ""};
</script>
  </action>
  <action type="script">
    <useDefaultName>false</useDefaultName>
    <name>Variable_Control1</name>
    <script>Variable_Control1 = 0;
if(index == 6){
Variable_Control1 = 6;
Title1 = "กำหนด ราคา ที่ต้องการรับงาน";
List_Value1 = "🔼 - ราคาต่ำสุด [{global_Price_min}],🔽 - ราคาสูงสุด [{global_Price_max}]"}
else if(index == 4){
Variable_Control1 = 4;
Title1 = "กำหนด ช่วงเวลา ที่ต้องการรับงาน (00:00 - 23:59)";
List_Value1 = "⏳ - เวลาตั้งแต่ [{global_Time_started}],⌛- เวลาสิ้นสุด [{global_Time_ended}]";}
else if(index == 8){
Variable_Control1 = 8;
Title1 = "กำหนด ระยะทาง จากจุดรับ ถึง ปลายทาง";
List_Value1 = "🚩 - ระยะทางเริ่มต้น [{global_Rages_km_min}] กิโลเมตร,🏁 - ระยะทางสิ้นสุด [{global_Rages_km_max}] กิโลเมตร"}
</script>
  </action>
  <action type="script">
    <useDefaultName>false</useDefaultName>
    <name>Variable_Control2</name>
    <script>//time
if(index == 0 and Variable_Control1 == 4 ){
Title = "กำหนด เวลาเริ่ม";
Description = "กำหนดเวลาเริ่มต้นในการรับงานล่วงหน้า ";
Default_Value = global_Time_started}
else if(index == 1 and Variable_Control1 == 4 ){
Title = "กำหนด เวลาสิ้นสุด";
Description = "กำหนดเวลาสิ้นสุดในการรับงานล่วงหน้า ";
Default_Value = global_Time_ended}

//price
else if(index == 0 and Variable_Control1 == 6){
Title = "กำหนด ราคาต่ำสุด";
Description = "กำหนดราคาขั้นต่ำของงานล่วงหน้า ";
Default_Value = global_Price_min}
else if(index == 1 and Variable_Control1 == 6){
Title = "กำหนด ราคาสูงสุด";
Description = "กำหนดราคาสูงสุดของงานล่วงหน้า ";
Default_Value = global_Price_max}
 //rage
else if(index == 0 and Variable_Control1 == 8){
Title = "กำหนด ระยะทางต่ำสุด";
Description = "กำหนดระยะทางขั้นต่ำของงานล่วงหน้า ";
Default_Value = global_Rages_km_min}
else if(index == 1 and Variable_Control1 == 8){
Title = "กำหนด ระยะทางสูงสุด";
Description = "กำหนดระยะทางสูงสุดของงานล่วงหน้า ";
Default_Value = global_Rages_km_max}




</script>
  </action>
  <action type="script">
    <useDefaultName>false</useDefaultName>
    <name>Variable_Control3</name>
    <script>if(global_today == 1){td = "🟢";}
else if(global_today != 1){td = "🔴"};
if(global_tomorrow == 1){tmr = "🟢"}
else if(global_tomorrow != 1){tmr = "🔴"};

Date_CheckList = length(global_Date_set);
if(Date_CheckList &gt; 0){Dc = "🟢";global_date_list = 1;}
else if(Date_CheckList == 0){Dc = "🔴";global_date_list = 0;}

if(global_Date_set == null){global_Date_set = ""}
Date_custom = replaceAll(global_Date_set, ',', '][');</script>
  </action>
  <action type="script">
    <useDefaultName>false</useDefaultName>
    <name>Variable_Control4</name>
    <script>if(index == 0){
Title4 = "กำหนด รอบการอ่านหน้างาน";
Description4 = "รอบการตรวจจับข้อมูลของหน้างาน";
Default_Value4 = global_Loop_rate}
else if(index == 1){
Title4 = "กำหนด เวลาการอ่านหน้างานสูงสุด";
Description4 = "เวลาอ่านหน้างาน ต่อ รอบการตรวจจับ (มิลลิวินาที)";
Default_Value4 = global_rate_delay}</script>
  </action>
  <action type="script">
    <useDefaultName>false</useDefaultName>
    <name>Variable_Decode</name>
    <script>if(operation == "ok"){
if(index == 10){global_OriginBolt = value}
else if(index == 12){global_DestinationBolt = value}}</script>
  </action>
  <action type="script">
    <useDefaultName>false</useDefaultName>
    <name>Variable_Decode
Date_Custom</name>
    <script>if(operation == "ok"){
date_custom_value = replaceAll(value, ' ', '');
global_Date_set = date_custom_value;


Date_CheckList = length(global_Date_set);
if(Date_CheckList &gt; 0){Dc = "🟢";global_date_list = 1;}
else if(Date_CheckList == 0){Dc = "🔴";global_date_list = 0;}
}</script>
  </action>
  <action type="script">
    <useDefaultName>false</useDefaultName>
    <name>Variable_Decode2</name>
    <script>if(operation == "ok"){
if(Variable_Control1 == 4){
Num_Check = findAll(value, '\\d');
Num_length = length(Num_Check);
if(Num_length &gt;= 4){
T0 = getElement(Num_Check, 0);
T1 = getElement(Num_Check, 1);
T2 = getElement(Num_Check, 2);
T3 = getElement(Num_Check, 3);}
else if(Num_length == 3){
T0 = 0;
T1 = getElement(Num_Check, 0);
T2 = getElement(Num_Check, 1);
T3 = getElement(Num_Check, 2);}
else if(Num_length == 2){
T0 = getElement(Num_Check, 0);
T1 = getElement(Num_Check, 1);
T2 = 0;
T3 = 0;}
else if(Num_length == 1){
T0 = 0;
T1 = getElement(Num_Check, 0);
T2 = 0;
T3 = 0;}
if(T0 &gt;= 3 or T0 == null){T0 = 0}
if(T1 == null){T1 = 0}
if(T2 &gt;=6 ){T2 = 5}
else if(T2 == null){T2 = 0}
if(T3 == null){T3 = 0}
if(T0 == 2 and T1 == 4){T1 = 3;T2 = 5;T3 = 9;}

Time_Rewrite = "{T0}{T1}:{T2}{T3}";

if(Variable_Control1 == 4 and index == 0){
global_Time_started = Time_Rewrite;


if(global_Time_started &gt; global_Time_ended)
{Ende_rewrite = findAll(global_Time_ended, '\\d');
T2 = getElement(Ende_rewrite, 2);T3 = getElement(Ende_rewrite, 3);
T0 = getElement(Ende_rewrite, 0);T1 = getElement(Ende_rewrite, 1);

T3 = T3 - 1;
if(T3 &lt; 0){ T3 = T3 + 10; T2 = T2 -1;if(T2 &lt; 0){T2 = T2 + 6;
T1 = T1 - 1;if(T1 &lt; 0){T1 = T1 + 10;T0 = T0 - 1;
if(T0 &lt; 0){T0 = 0;T1 = 0;T2 = 0;T3 = 0}}
};}}
Time_Rewrite = "{T0}{T1}:{T2}{T3}";
global_Time_started = Time_Rewrite;


}
else if(Variable_Control1 == 4 and index == 1){
global_Time_ended = Time_Rewrite;

Start_rewrite = findAll(global_Time_started, '\\d');
if(global_Time_started &gt; global_Time_ended)
{T2 = getElement(Start_rewrite, 2);T3 = getElement(Start_rewrite, 3);
T0 = getElement(Start_rewrite, 0);T1 = getElement(Start_rewrite, 1);

T3 = T3 + 1;
if(T3 &gt; 10){ T3 = T3 - 10; T2 = T2 + 1;if(T2 &gt; 5){T2 = T2 - 6;
T1 = T1 + 1;if(T1 &gt; 10){T1 = T1 - 10;T0 = T0 + 1;
if(T0 &gt; 2){T0 = 2;T1 = 3;T2 = 5;T3 = 9}}
};}}
Time_Rewrite = "{T0}{T1}:{T2}{T3}";
global_Time_ended = Time_Rewrite;

}
index = 4;}

else if(Variable_Control1 == 6){
if(index == 0 and Variable_Control1 == 6){global_Price_min = value + 0.00;
if(global_Price_min &gt; global_Price_max)
{global_Price_min = global_Price_max}} 
else if(index == 1and Variable_Control1 == 6){global_Price_max = value + 0.00;
if(global_Price_min &gt; global_Price_max)
{global_Price_max = global_Price_min}}

index == 6;
}

else if(Variable_Control1 == 8){
if(index == 0){global_Rages_km_min = value + 0.00;
if(global_Rages_km_min &gt; global_Rages_km_max)
{global_Rages_km_min = global_Rages_km_max}}

else if(index == 1){global_Rages_km_max = value + 0.00;
if(global_Rages_km_min &gt; global_Rages_km_max)
{global_Rages_km_max = global_Rages_km_min}
};




}


}

</script>
  </action>
  <action type="script">
    <useDefaultName>false</useDefaultName>
    <name>Variable_Decode3</name>
    <script>if(index == 0){
if(global_today == 1){global_today = 0}
else if(global_today != 1){global_today = 1}}
else if(index == 1){
if(global_tomorrow == 1){global_tomorrow = 0}
else if(global_tomorrow != 1){global_tomorrow = 1}}

</script>
  </action>
  <action type="script">
    <useDefaultName>false</useDefaultName>
    <name>Variable_Decode4</name>
    <script>if(operation == "ok"){

if(index == 0){
global_Loop_rate = value}
else if(index == 1){
global_rate_delay = value}







}</script>
  </action>
  <action type="input_dialog">
    <useDefaultName>false</useDefaultName>
    <name>Variable_Input</name>
    <title>{Title}</title>
    <inputDialogType>SINGLE_LINE_TEXT</inputDialogType>
    <prompt>{Description}</prompt>
    <inputValues></inputValues>
    <defaultValue>{Default_Value}</defaultValue>
    <titleFontSize>DEFAULT</titleFontSize>
    <promptFontSize>DEFAULT</promptFontSize>
    <fontSize>DEFAULT</fontSize>
    <timeoutEnabled>false</timeoutEnabled>
    <timeout>60000</timeout>
    <defaultValueOnTimeout></defaultValueOnTimeout>
    <showWhenLocked>false</showWhenLocked>
    <turnScreenOn>false</turnScreenOn>
    <keepScreenOn>false</keepScreenOn>
    <enlargeDialogWidth>true</enlargeDialogWidth>
    <keyboardCapitalizeSentences>false</keyboardCapitalizeSentences>
  </action>
  <action type="input_dialog">
    <useDefaultName>false</useDefaultName>
    <name>Variable_Input
Date_Custom</name>
    <title>กำหนดวันที่ [วัน(ย่อ) วันที่ เดือน(ย่อ)]</title>
    <inputDialogType>SINGLE_LINE_TEXT</inputDialogType>
    <prompt>เช่น"15 พ.ค.,16 พ.ค.,พฤ 17"เป็นต้น ขั้นด้วย ","</prompt>
    <inputValues></inputValues>
    <defaultValue>{global_Date_set}</defaultValue>
    <titleFontSize>DEFAULT</titleFontSize>
    <promptFontSize>DEFAULT</promptFontSize>
    <fontSize>DEFAULT</fontSize>
    <timeoutEnabled>false</timeoutEnabled>
    <timeout>60000</timeout>
    <defaultValueOnTimeout></defaultValueOnTimeout>
    <showWhenLocked>false</showWhenLocked>
    <turnScreenOn>false</turnScreenOn>
    <keepScreenOn>false</keepScreenOn>
    <enlargeDialogWidth>true</enlargeDialogWidth>
    <keyboardCapitalizeSentences>false</keyboardCapitalizeSentences>
  </action>
  <action type="input_dialog">
    <useDefaultName>false</useDefaultName>
    <name>Variable_Input1</name>
    <title>{Title1}</title>
    <inputDialogType>SINGLE_CHOICE_MENU</inputDialogType>
    <prompt>{Description}</prompt>
    <inputValues>{List_Value1},&lt;- Back</inputValues>
    <defaultValue></defaultValue>
    <titleFontSize>DEFAULT</titleFontSize>
    <promptFontSize>DEFAULT</promptFontSize>
    <fontSize>DEFAULT</fontSize>
    <timeoutEnabled>false</timeoutEnabled>
    <timeout>60000</timeout>
    <defaultValueOnTimeout></defaultValueOnTimeout>
    <showWhenLocked>false</showWhenLocked>
    <turnScreenOn>false</turnScreenOn>
    <keepScreenOn>false</keepScreenOn>
    <enlargeDialogWidth>true</enlargeDialogWidth>
    <keyboardCapitalizeSentences>false</keyboardCapitalizeSentences>
  </action>
  <action type="input_dialog">
    <useDefaultName>false</useDefaultName>
    <name>Variable_Input2</name>
    <title>{Title}</title>
    <inputDialogType>SINGLE_LINE_TEXT</inputDialogType>
    <prompt>{Description}</prompt>
    <inputValues></inputValues>
    <defaultValue>{Default_Value}</defaultValue>
    <titleFontSize>DEFAULT</titleFontSize>
    <promptFontSize>DEFAULT</promptFontSize>
    <fontSize>DEFAULT</fontSize>
    <timeoutEnabled>false</timeoutEnabled>
    <timeout>60000</timeout>
    <defaultValueOnTimeout></defaultValueOnTimeout>
    <showWhenLocked>false</showWhenLocked>
    <turnScreenOn>false</turnScreenOn>
    <keepScreenOn>false</keepScreenOn>
    <enlargeDialogWidth>true</enlargeDialogWidth>
    <keyboardCapitalizeSentences>false</keyboardCapitalizeSentences>
  </action>
  <action type="input_dialog">
    <useDefaultName>false</useDefaultName>
    <name>Variable_Input3</name>
    <title>วันที่ต้องการรับงานจอง</title>
    <inputDialogType>SINGLE_CHOICE_MENU</inputDialogType>
    <prompt></prompt>
    <inputValues>{td} - วันนี้,{tmr} - พรุ่งนี้,{Dc} - กำหนดเอง [{Date_custom}],&lt;- Back</inputValues>
    <defaultValue></defaultValue>
    <titleFontSize>DEFAULT</titleFontSize>
    <promptFontSize>DEFAULT</promptFontSize>
    <fontSize>DEFAULT</fontSize>
    <timeoutEnabled>false</timeoutEnabled>
    <timeout>60000</timeout>
    <defaultValueOnTimeout></defaultValueOnTimeout>
    <showWhenLocked>false</showWhenLocked>
    <turnScreenOn>false</turnScreenOn>
    <keepScreenOn>false</keepScreenOn>
    <enlargeDialogWidth>true</enlargeDialogWidth>
    <keyboardCapitalizeSentences>false</keyboardCapitalizeSentences>
  </action>
  <action type="input_dialog">
    <useDefaultName>false</useDefaultName>
    <name>Variable_Input4</name>
    <title>ตั้งค่าการอ่านหน้างาน(Scan Rate)
รอบ ต่อ มิลลิวินาที</title>
    <inputDialogType>SINGLE_CHOICE_MENU</inputDialogType>
    <prompt></prompt>
    <inputValues>รอบการอ่านหน้างาน [{global_Loop_rate} รอบ],ดีเลย์การอ่านหน้างาน [{global_rate_delay} มิลลิวินาที],&lt;- Back</inputValues>
    <defaultValue></defaultValue>
    <titleFontSize>DEFAULT</titleFontSize>
    <promptFontSize>DEFAULT</promptFontSize>
    <fontSize>DEFAULT</fontSize>
    <timeoutEnabled>false</timeoutEnabled>
    <timeout>60000</timeout>
    <defaultValueOnTimeout></defaultValueOnTimeout>
    <showWhenLocked>false</showWhenLocked>
    <turnScreenOn>false</turnScreenOn>
    <keepScreenOn>false</keepScreenOn>
    <enlargeDialogWidth>true</enlargeDialogWidth>
    <keyboardCapitalizeSentences>false</keyboardCapitalizeSentences>
  </action>
  <action type="input_dialog">
    <useDefaultName>false</useDefaultName>
    <name>Variable_Input5</name>
    <title>{Title4}</title>
    <inputDialogType>SINGLE_LINE_TEXT</inputDialogType>
    <prompt>{Description4}</prompt>
    <inputValues></inputValues>
    <defaultValue>{Default_Value4}</defaultValue>
    <titleFontSize>DEFAULT</titleFontSize>
    <promptFontSize>DEFAULT</promptFontSize>
    <fontSize>DEFAULT</fontSize>
    <timeoutEnabled>false</timeoutEnabled>
    <timeout>60000</timeout>
    <defaultValueOnTimeout></defaultValueOnTimeout>
    <showWhenLocked>false</showWhenLocked>
    <turnScreenOn>false</turnScreenOn>
    <keepScreenOn>false</keepScreenOn>
    <enlargeDialogWidth>true</enlargeDialogWidth>
    <keyboardCapitalizeSentences>false</keyboardCapitalizeSentences>
  </action>
  <action type="control_user_interface">
    <useDefaultName>false</useDefaultName>
    <name>VC</name>
    <script>if(global_vc == null){global_vc = 0};
global_vc = global_vc +1;
if(global_vc &gt;= 4){global_vc = 0; a = null;sqrt(a)}
</script>
  </action>
  <action type="import_flows">
    <useDefaultName>false</useDefaultName>
    <name>VC_Import</name>
    <path>/storage/emulated/0/VC.xml</path>
    <replace>true</replace>
  </action>
  <action type="execute_flows">
    <useDefaultName>false</useDefaultName>
    <name>VC_Process</name>
    <includeFlowNamePatternList>VC</includeFlowNamePatternList>
    <excludeFlowNamePatternList></excludeFlowNamePatternList>
    <skipDisabledFlowsWithoutError>true</skipDisabledFlowsWithoutError>
    <waitForFlowsToFinish>false</waitForFlowsToFinish>
    <returnLocalVariablesToCallingFlow>false</returnLocalVariablesToCallingFlow>
  </action>
  <action type="download_url">
    <useDefaultName>false</useDefaultName>
    <name>VC_Server</name>
    <url>https://github.com/Phantomguy7845/Bolt_html/raw/main/VC.zip</url>
    <directory>/storage/emulated/0</directory>
    <filename></filename>
    <showProgress>false</showProgress>
  </action>
  <flow type="flow">
    <name>Bolt Booking Automation</name>
    <description>Dev by PHANToM</description>
    <group>PHANToM is Booking Bolt Driver</group>
    <enabled>true</enabled>
    <executionPolicy>PARALLEL</executionPolicy>
    <triggercontainer id="t1" x="805.0" y="-297.5">
      <trigger>PHANToM Bolt</trigger>
      <trigger>PHANToM Access Clicked Bolt</trigger>
      <trigger>PHANToM Reserv Clicked Bolt</trigger>
    </triggercontainer>
    <conditioncontainer id="t2" x="-35.0" y="227.5">Switch Control</conditioncontainer>
    <conditioncontainer id="t3" x="175.0" y="227.5">Variable Control</conditioncontainer>
    <actioncontainer id="t4" x="175.0" y="-122.5">Notification_Exit</actioncontainer>
    <conditioncontainer id="t5" x="175.0" y="402.5">Variable Control1</conditioncontainer>
    <actioncontainer id="t6" x="175.0" y="52.5">Exit_Dev</actioncontainer>
    <actioncontainer id="t7" x="805.0" y="227.5">Variable_Decode3</actioncontainer>
    <actioncontainer id="t8" x="385.0" y="402.5">Variable_Control1</actioncontainer>
    <actioncontainer id="t9" x="595.0" y="227.5">Variable_Control3</actioncontainer>
    <actioncontainer id="t10" x="595.0" y="52.5">Variable_Input3</actioncontainer>
    <actioncontainer id="t11" x="595.0" y="-122.5">Device Verify Error (01)</actioncontainer>
    <actioncontainer id="t12" x="805.0" y="-122.5">Variable_Control
Date_Custom</actioncontainer>
    <conditioncontainer id="t13" x="-35.0" y="52.5">Exit_Bolt</conditioncontainer>
    <actioncontainer id="t14" x="385.0" y="227.5">Variable_Control</actioncontainer>
    <actioncontainer id="t15" x="595.0" y="402.5">Variable_Input1</actioncontainer>
    <actioncontainer id="t16" x="1015.0" y="227.5">Variable_Decode
Date_Custom</actioncontainer>
    <actioncontainer id="t17" x="385.0" y="52.5">Variable_Input</actioncontainer>
    <actioncontainer id="t18" x="805.0" y="402.5">Clear PHANToM Log</actioncontainer>
    <actioncontainer id="t19" x="1015.0" y="402.5">Variable_Decode2</actioncontainer>
    <actioncontainer id="t20" x="385.0" y="-122.5">Variable_Decode</actioncontainer>
    <actioncontainer id="t21" x="-35.0" y="-122.5">Main_Menu
Input (th)</actioncontainer>
    <actioncontainer id="t22" x="-245.0" y="402.5">Variable_Input4</actioncontainer>
    <actioncontainer id="t23" x="-455.0" y="402.5">Clear PHANToM Log</actioncontainer>
    <conditioncontainer id="t24" x="-455.0" y="577.5">Back Menu</conditioncontainer>
    <actioncontainer id="t25" x="-455.0" y="52.5">Device Verify Error (01)</actioncontainer>
    <actioncontainer id="t26" x="-455.0" y="-122.5">Notification 
Error_notification</actioncontainer>
    <actioncontainer id="t27" x="-455.0" y="-297.5">Devices_Encode</actioncontainer>
    <actioncontainer id="t28" x="-455.0" y="227.5">Devices_Decode</actioncontainer>
    <conditioncontainer id="t29" x="-245.0" y="227.5">Back Menu</conditioncontainer>
    <actioncontainer id="t30" x="-245.0" y="52.5">Variable_Input5</actioncontainer>
    <actioncontainer id="t31" x="-35.0" y="-297.5">Main_Menu
Control (th)</actioncontainer>
    <actioncontainer id="t32" x="-35.0" y="402.5">Switch_Control</actioncontainer>
    <actioncontainer id="t33" x="385.0" y="-297.5">Devices_Decode</actioncontainer>
    <actioncontainer id="t34" x="1015.0" y="-297.5">Notification 
Error_notification</actioncontainer>
    <actioncontainer id="t35" x="385.0" y="577.5">Variable_Control2</actioncontainer>
    <actioncontainer id="t36" x="-245.0" y="-122.5">Variable_Decode4</actioncontainer>
    <actioncontainer id="t37" x="-245.0" y="-297.5">Main_Process mix</actioncontainer>
    <actioncontainer id="t38" x="175.0" y="-297.5">Devices_Encode</actioncontainer>
    <actioncontainer id="t39" x="805.0" y="577.5">PHANToM Log 
Verification</actioncontainer>
    <actioncontainer id="t40" x="1015.0" y="52.5"> Notification 
Error_notification</actioncontainer>
    <actioncontainer id="t41" x="1015.0" y="577.5">Variable_Input2</actioncontainer>
    <actioncontainer id="t42" x="805.0" y="1102.5">Clear_Convert</actioncontainer>
    <actioncontainer id="t43" x="595.0" y="927.5">Installing_Process</actioncontainer>
    <actioncontainer id="t44" x="595.0" y="1102.5">Clear_Installer Log</actioncontainer>
    <actioncontainer id="t45" x="595.0" y="577.5">Clear PHANToM Log</actioncontainer>
    <actioncontainer id="t46" x="385.0" y="752.5">VC</actioncontainer>
    <actioncontainer id="t47" x="805.0" y="752.5">Dowload_installer</actioncontainer>
    <actioncontainer id="t48" x="805.0" y="927.5">Trans_Convert</actioncontainer>
    <actioncontainer id="t49" x="385.0" y="927.5">VC_Server</actioncontainer>
    <actioncontainer id="t50" x="385.0" y="1102.5">Server_ziper</actioncontainer>
    <actioncontainer id="t51" x="175.0" y="1102.5">VC_Import</actioncontainer>
    <actioncontainer id="t52" x="175.0" y="927.5">Clear_VCzip</actioncontainer>
    <actioncontainer id="t53" x="595.0" y="752.5">Refresh</actioncontainer>
    <actioncontainer id="t54" x="-35.0" y="927.5">Set VC</actioncontainer>
    <actioncontainer id="t55" x="175.0" y="752.5">Clear PHANToM Log</actioncontainer>
    <actioncontainer id="t56" x="-35.0" y="1102.5">VC_Process</actioncontainer>
    <actioncontainer id="t57" x="1015.0" y="1102.5"> Device Verify Error (01)</actioncontainer>
    <actioncontainer id="t58" x="1015.0" y="752.5">Devices_Decode</actioncontainer>
    <actioncontainer id="t59" x="1015.0" y="927.5">Devices_Encode</actioncontainer>
    <actioncontainer id="t60" x="-35.0" y="752.5">Clear_VCxml</actioncontainer>
    <actioncontainer id="t61" x="-245.0" y="927.5">Devices_Decode</actioncontainer>
    <actioncontainer id="t62" x="-245.0" y="1102.5">Devices_Encode</actioncontainer>
    <actioncontainer id="t63" x="-245.0" y="752.5">Refresh2</actioncontainer>
    <actioncontainer id="t64" x="-455.0" y="1102.5">Clear PHANToM Log</actioncontainer>
    <actioncontainer id="t65" x="-35.0" y="577.5">Action_Access
Click</actioncontainer>
    <actioncontainer id="t66" x="-245.0" y="577.5">Variable_Control4</actioncontainer>
    <actioncontainer id="t67" x="-454.99997" y="752.5">User_Verification
Data1</actioncontainer>
    <actioncontainer id="t68" x="-455.00003" y="927.5">Update</actioncontainer>
    <actioncontainer id="t69" x="175.0" y="577.5">Notification on Screen: {notification}</actioncontainer>
    <actioncontainer id="t70" x="175.0" y="752.5">User_Verification
Data2</actioncontainer>
    <actioncontainer id="t71" x="174.99998" y="927.50006">Update1</actioncontainer>
    <actioncontainer id="t72" x="595.0" y="-297.5">Clear PHANToM Log</actioncontainer>
    <actioncontainer id="t73" x="1015.00006" y="-122.50013">User_Verification
Data3</actioncontainer>
    <actioncontainer id="t74" x="1015.0" y="-122.5">Variable_Input
Date_Custom</actioncontainer>
    <conditioncontainer id="t75" x="805.0" y="52.5">Index_Convert3</conditioncontainer>
    <actioncontainer id="t76" x="595.0" y="52.500023">Update2</actioncontainer>
    <connection from="t1" to="t31" type="NORMAL" sourcePosition="NORTH" targetPosition="NORTH" />
    <connection from="t2" to="t32" type="TRUE" sourcePosition="SOUTH" targetPosition="NORTH" />
    <connection from="t2" to="t3" type="FALSE" sourcePosition="EAST" targetPosition="WEST" />
    <connection from="t3" to="t14" type="TRUE" sourcePosition="EAST" targetPosition="WEST" />
    <connection from="t3" to="t5" type="FALSE" sourcePosition="SOUTH" targetPosition="NORTH" />
    <connection from="t5" to="t8" type="TRUE" sourcePosition="EAST" targetPosition="WEST" />
    <connection from="t5" to="t9" type="FALSE" sourcePosition="NORTH" targetPosition="SOUTH" />
    <connection from="t6" to="t4" type="NORMAL" sourcePosition="NORTH" targetPosition="SOUTH" />
    <connection from="t7" to="t18" type="NORMAL" sourcePosition="SOUTH" targetPosition="NORTH" />
    <connection from="t8" to="t15" type="NORMAL" sourcePosition="EAST" targetPosition="WEST" />
    <connection from="t9" to="t10" type="NORMAL" sourcePosition="NORTH" targetPosition="SOUTH" />
    <connection from="t10" to="t75" type="NORMAL" sourcePosition="EAST" targetPosition="WEST" />
    <connection from="t11" to="t34" type="NORMAL" sourcePosition="NORTH" targetPosition="SOUTH" />
    <connection from="t12" to="t74" type="NORMAL" sourcePosition="EAST" targetPosition="WEST" />
    <connection from="t13" to="t6" type="TRUE" sourcePosition="EAST" targetPosition="WEST" />
    <connection from="t13" to="t2" type="FALSE" sourcePosition="SOUTH" targetPosition="NORTH" />
    <connection from="t13" to="t22" type="EXCEPTION" sourcePosition="WEST" targetPosition="EAST" />
    <connection from="t14" to="t17" type="NORMAL" sourcePosition="NORTH" targetPosition="SOUTH" />
    <connection from="t15" to="t24" type="NORMAL" sourcePosition="SOUTH" targetPosition="NORTH" />
    <connection from="t16" to="t9" type="NORMAL" sourcePosition="SOUTH" targetPosition="SOUTH" />
    <connection from="t17" to="t20" type="NORMAL" sourcePosition="NORTH" targetPosition="SOUTH" />
    <connection from="t18" to="t9" type="NORMAL" sourcePosition="NORTH" targetPosition="SOUTH" />
    <connection from="t19" to="t72" type="NORMAL" sourcePosition="EAST" targetPosition="NORTH" />
    <connection from="t20" to="t72" type="NORMAL" sourcePosition="NORTH" targetPosition="SOUTH" />
    <connection from="t21" to="t13" type="NORMAL" sourcePosition="SOUTH" targetPosition="NORTH" />
    <connection from="t22" to="t29" type="NORMAL" sourcePosition="NORTH" targetPosition="SOUTH" />
    <connection from="t23" to="t28" type="NORMAL" sourcePosition="WEST" targetPosition="WEST" />
    <connection from="t24" to="t23" type="TRUE" sourcePosition="SOUTH" targetPosition="WEST" />
    <connection from="t24" to="t35" type="FALSE" sourcePosition="SOUTH" targetPosition="SOUTH" />
    <connection from="t25" to="t26" type="NORMAL" sourcePosition="NORTH" targetPosition="SOUTH" />
    <connection from="t27" to="t26" type="EXCEPTION" sourcePosition="WEST" targetPosition="WEST" />
    <connection from="t27" to="t31" type="NORMAL" sourcePosition="NORTH" targetPosition="NORTH" />
    <connection from="t28" to="t27" type="NORMAL" sourcePosition="WEST" targetPosition="NORTH" />
    <connection from="t28" to="t25" type="EXCEPTION" sourcePosition="WEST" targetPosition="WEST" />
    <connection from="t29" to="t23" type="TRUE" sourcePosition="SOUTH" targetPosition="WEST" />
    <connection from="t29" to="t66" type="FALSE" sourcePosition="EAST" targetPosition="EAST" />
    <connection from="t30" to="t36" type="NORMAL" sourcePosition="NORTH" targetPosition="SOUTH" />
    <connection from="t31" to="t21" type="NORMAL" sourcePosition="SOUTH" targetPosition="NORTH" />
    <connection from="t31" to="t37" type="EXCEPTION" sourcePosition="NORTH" targetPosition="NORTH" />
    <connection from="t32" to="t23" type="NORMAL" sourcePosition="NORTH" targetPosition="WEST" />
    <connection from="t33" to="t38" type="NORMAL" sourcePosition="NORTH" targetPosition="NORTH" />
    <connection from="t33" to="t11" type="EXCEPTION" sourcePosition="SOUTH" targetPosition="EAST" />
    <connection from="t35" to="t41" type="NORMAL" sourcePosition="SOUTH" targetPosition="SOUTH" />
    <connection from="t36" to="t72" type="NORMAL" sourcePosition="SOUTH" targetPosition="EAST" />
    <connection from="t37" to="t65" type="EXCEPTION" sourcePosition="NORTH" targetPosition="WEST" />
    <connection from="t37" to="t69" type="NORMAL" sourcePosition="NORTH" targetPosition="EAST" />
    <connection from="t38" to="t31" type="NORMAL" sourcePosition="NORTH" targetPosition="NORTH" />
    <connection from="t38" to="t34" type="EXCEPTION" sourcePosition="NORTH" targetPosition="NORTH" />
    <connection from="t39" to="t58" type="EXCEPTION" sourcePosition="SOUTH" targetPosition="NORTH" />
    <connection from="t39" to="t58" type="NORMAL" sourcePosition="SOUTH" targetPosition="NORTH" />
    <connection from="t39" to="t47" type="EXCEPTION" sourcePosition="SOUTH" targetPosition="NORTH" />
    <connection from="t41" to="t19" type="NORMAL" sourcePosition="SOUTH" targetPosition="EAST" />
    <connection from="t42" to="t43" type="NORMAL" sourcePosition="WEST" targetPosition="EAST" />
    <connection from="t42" to="t53" type="EXCEPTION" sourcePosition="WEST" targetPosition="EAST" />
    <connection from="t43" to="t44" type="NORMAL" sourcePosition="SOUTH" targetPosition="NORTH" />
    <connection from="t43" to="t53" type="EXCEPTION" sourcePosition="NORTH" targetPosition="SOUTH" />
    <connection from="t44" to="t53" type="EXCEPTION" sourcePosition="WEST" targetPosition="WEST" />
    <connection from="t44" to="t58" type="NORMAL" sourcePosition="SOUTH" targetPosition="EAST" />
    <connection from="t44" to="t46" type="NORMAL" sourcePosition="SOUTH" targetPosition="EAST" />
    <connection from="t45" to="t39" type="NORMAL" sourcePosition="EAST" targetPosition="WEST" />
    <connection from="t46" to="t55" type="NORMAL" sourcePosition="WEST" targetPosition="EAST" />
    <connection from="t46" to="t49" type="NORMAL" sourcePosition="SOUTH" targetPosition="NORTH" />
    <connection from="t47" to="t48" type="NORMAL" sourcePosition="SOUTH" targetPosition="NORTH" />
    <connection from="t47" to="t53" type="EXCEPTION" sourcePosition="WEST" targetPosition="EAST" />
    <connection from="t48" to="t42" type="NORMAL" sourcePosition="SOUTH" targetPosition="NORTH" />
    <connection from="t48" to="t53" type="EXCEPTION" sourcePosition="NORTH" targetPosition="SOUTH" />
    <connection from="t49" to="t50" type="NORMAL" sourcePosition="SOUTH" targetPosition="NORTH" />
    <connection from="t50" to="t51" type="NORMAL" sourcePosition="WEST" targetPosition="EAST" />
    <connection from="t51" to="t52" type="NORMAL" sourcePosition="NORTH" targetPosition="SOUTH" />
    <connection from="t52" to="t60" type="NORMAL" sourcePosition="WEST" targetPosition="EAST" />
    <connection from="t54" to="t56" type="NORMAL" sourcePosition="EAST" targetPosition="EAST" />
    <connection from="t54" to="t63" type="EXCEPTION" sourcePosition="WEST" targetPosition="EAST" />
    <connection from="t56" to="t58" type="EXCEPTION" sourcePosition="SOUTH" targetPosition="EAST" />
    <connection from="t56" to="t63" type="EXCEPTION" sourcePosition="WEST" targetPosition="EAST" />
    <connection from="t56" to="t53" type="EXCEPTION" sourcePosition="SOUTH" targetPosition="EAST" />
    <connection from="t56" to="t58" type="NORMAL" sourcePosition="SOUTH" targetPosition="EAST" />
    <connection from="t57" to="t40" type="NORMAL" sourcePosition="SOUTH" targetPosition="EAST" />
    <connection from="t58" to="t59" type="NORMAL" sourcePosition="SOUTH" targetPosition="NORTH" />
    <connection from="t58" to="t57" type="EXCEPTION" sourcePosition="EAST" targetPosition="EAST" />
    <connection from="t59" to="t40" type="EXCEPTION" sourcePosition="EAST" targetPosition="EAST" />
    <connection from="t60" to="t54" type="NORMAL" sourcePosition="EAST" targetPosition="EAST" />
    <connection from="t60" to="t63" type="EXCEPTION" sourcePosition="WEST" targetPosition="EAST" />
    <connection from="t60" to="t61" type="NORMAL" sourcePosition="WEST" targetPosition="EAST" />
    <connection from="t61" to="t62" type="NORMAL" sourcePosition="SOUTH" targetPosition="NORTH" />
    <connection from="t61" to="t64" type="EXCEPTION" sourcePosition="SOUTH" targetPosition="NORTH" />
    <connection from="t62" to="t64" type="EXCEPTION" sourcePosition="NORTH" targetPosition="NORTH" />
    <connection from="t63" to="t64" type="NORMAL" sourcePosition="NORTH" targetPosition="WEST" />
    <connection from="t64" to="t57" type="EXCEPTION" sourcePosition="WEST" targetPosition="SOUTH" />
    <connection from="t64" to="t57" type="NORMAL" sourcePosition="WEST" targetPosition="SOUTH" />
    <connection from="t65" to="t45" type="EXCEPTION" sourcePosition="SOUTH" targetPosition="SOUTH" />
    <connection from="t65" to="t45" type="NORMAL" sourcePosition="SOUTH" targetPosition="SOUTH" />
    <connection from="t66" to="t30" type="NORMAL" sourcePosition="EAST" targetPosition="EAST" />
    <connection from="t66" to="t67" type="NORMAL" sourcePosition="WEST" targetPosition="EAST" />
    <connection from="t67" to="t68" type="NORMAL" sourcePosition="EAST" targetPosition="WEST" />
    <connection from="t69" to="t45" type="EXCEPTION" sourcePosition="SOUTH" targetPosition="SOUTH" />
    <connection from="t69" to="t45" type="NORMAL" sourcePosition="SOUTH" targetPosition="SOUTH" />
    <connection from="t69" to="t70" type="NORMAL" sourcePosition="SOUTH" targetPosition="NORTH" />
    <connection from="t70" to="t71" type="NORMAL" sourcePosition="SOUTH" targetPosition="NORTH" />
    <connection from="t72" to="t33" type="NORMAL" sourcePosition="NORTH" targetPosition="NORTH" />
    <connection from="t72" to="t73" type="NORMAL" sourcePosition="SOUTH" targetPosition="NORTH" />
    <connection from="t73" to="t76" type="NORMAL" sourcePosition="EAST" targetPosition="NORTH" />
    <connection from="t74" to="t16" type="NORMAL" sourcePosition="EAST" targetPosition="EAST" />
    <connection from="t75" to="t7" type="TRUE" sourcePosition="SOUTH" targetPosition="NORTH" />
    <connection from="t75" to="t72" type="EXCEPTION" sourcePosition="WEST" targetPosition="EAST" />
    <connection from="t75" to="t12" type="FALSE" sourcePosition="NORTH" targetPosition="SOUTH" />
  </flow>
</data>