<?xml version='1.0' encoding='UTF-8' standalone='yes' ?>
<data version="1.38.0">
  <condition type="flow_executing">
    <useDefaultName>true</useDefaultName>
    <name>Flow Executing: Bolt Booking Automation</name>
    <flowName>Bolt Booking Automation</flowName>
  </condition>
  <action type="delete_files">
    <useDefaultName>false</useDefaultName>
    <name>Clear_Convert</name>
    <pathList>/storage/emulated/0/Bolt_PHANToM.zip</pathList>
    <showProgress>false</showProgress>
  </action>
  <action type="delete_flows">
    <useDefaultName>false</useDefaultName>
    <name>Clear_Flow</name>
    <flowNameList>VC</flowNameList>
    <deleteUnusedObjects>true</deleteUnusedObjects>
  </action>
  <action type="delete_files">
    <useDefaultName>false</useDefaultName>
    <name>Clear_Installer Log</name>
    <pathList>/storage/emulated/0/Bolt_PHANToM.xml</pathList>
    <showProgress>false</showProgress>
  </action>
  <action type="download_url">
    <useDefaultName>false</useDefaultName>
    <name>Dowload_installer</name>
    <url>{global_Server_Process}</url>
    <directory>/storage/emulated/0</directory>
    <filename></filename>
    <showProgress>false</showProgress>
  </action>
  <action type="control_user_interface">
    <useDefaultName>false</useDefaultName>
    <name>Error_Clearlog</name>
    <script>global_KeyModel = null</script>
  </action>
  <action type="import_flows">
    <useDefaultName>false</useDefaultName>
    <name>Installing_Process</name>
    <path>/storage/emulated/0/Bolt_PHANToM.xml</path>
    <replace>true</replace>
  </action>
  <action type="unzip_files">
    <useDefaultName>false</useDefaultName>
    <name>Trans_Convert</name>
    <zipFilePath>/storage/emulated/0/Bolt_PHANToM.zip</zipFilePath>
    <targetPath>/storage/emulated/0</targetPath>
    <showProgress>false</showProgress>
  </action>
  <flow type="flow">
    <name>VC</name>
    <group>PHANToM is Booking Bolt Driver</group>
    <enabled>false</enabled>
    <executionPolicy>PARALLEL</executionPolicy>
    <triggercontainer id="t1" x="70.00001" y="17.500015" />
    <conditioncontainer id="t2" x="70.00001" y="17.50011">Flow Executing: Bolt Booking Automation</conditioncontainer>
    <actioncontainer id="t3" x="69.99997" y="17.500042">Dowload_installer</actioncontainer>
    <actioncontainer id="t4" x="69.99999" y="17.5">Error_Clearlog</actioncontainer>
    <actioncontainer id="t5" x="70.00001" y="17.500175">Clear_Flow</actioncontainer>
    <actioncontainer id="t6" x="69.99995" y="17.500008">Trans_Convert</actioncontainer>
    <actioncontainer id="t7" x="69.99995" y="17.500809">Clear_Convert</actioncontainer>
    <actioncontainer id="t8" x="69.99999" y="17.499992">Installing_Process</actioncontainer>
    <actioncontainer id="t9" x="69.999985" y="17.500004">Clear_Installer Log</actioncontainer>
    <actioncontainer id="t10" x="70.00001" y="17.500095">Clear_Flow</actioncontainer>
    <connection from="t1" to="t2" type="NORMAL" sourcePosition="SOUTH" targetPosition="NORTH" />
    <connection from="t2" to="t3" type="TRUE" sourcePosition="SOUTH" targetPosition="NORTH" />
    <connection from="t2" to="t3" type="FALSE" sourcePosition="SOUTH" targetPosition="NORTH" />
    <connection from="t2" to="t4" type="EXCEPTION" sourcePosition="EAST" targetPosition="WEST" />
    <connection from="t3" to="t5" type="EXCEPTION" sourcePosition="EAST" targetPosition="WEST" />
    <connection from="t3" to="t6" type="NORMAL" sourcePosition="SOUTH" targetPosition="NORTH" />
    <connection from="t4" to="t5" type="NORMAL" sourcePosition="SOUTH" targetPosition="NORTH" />
    <connection from="t6" to="t7" type="NORMAL" sourcePosition="SOUTH" targetPosition="NORTH" />
    <connection from="t7" to="t8" type="NORMAL" sourcePosition="SOUTH" targetPosition="NORTH" />
    <connection from="t8" to="t9" type="NORMAL" sourcePosition="SOUTH" targetPosition="NORTH" />
    <connection from="t9" to="t10" type="NORMAL" sourcePosition="EAST" targetPosition="WEST" />
  </flow>
</data>